name,path,num_register_tokens,total_frame
1624,/scratch/ssml/araujo/exp/sync-audioset-cav-mae-balNone-lr2e-4-epoch25-bs512-normTrue-c0.1-p1.0-tpFalse-mr-unstructured-0.75-20240912_021700/models/audio_model.25.pth,0,10
1921,/scratch/ssml/araujo/exp/sync-audioset-cav-mae-balNone-lr2e-4-epoch25-bs512-normTrue-c0.1-p1.0-tpFalse-mr-unstructured-0.75-20240920_204943/models/audio_model.25.pth,4,10
1970,/scratch/ssml/araujo/exp/sync-audioset-cav-mae-balNone-lr2e-4-epoch25-bs512-normTrue-c0.1-p1.0-tpFalse-mr-unstructured-0.75-20240922_181136/models/audio_model.25.pth,8,10
1983,/scratch/ssml/araujo/exp/sync-audioset-cav-mae-balNone-lr2e-4-epoch25-bs512-normTrue-c0.1-p1.0-tpFalse-mr-unstructured-0.75-20240922_222603/models/audio_model.25.pth,4,10
1984,/scratch/ssml/araujo/exp/sync-audioset-cav-mae-balNone-lr2e-4-epoch25-bs512-normTrue-c0.05-p1.0-tpFalse-mr-unstructured-0.75-20240922_222719/models/audio_model.25.pth,4,10
2145,/scratch/ssml/araujo/exp/sync-audioset-cav-mae-balNone-lr2e-4-epoch25-bs512-normTrue-c0.1-p1.0-tpFalse-mr-unstructured-0.75-20240925_112229/models/audio_model.25.pth,4,10
2618,/scratch/ssml/araujo/exp/sync-audioset-cav-mae-balNone-lr2e-4-epoch25-bs512-normTrue-c0.1-p1.0-tpFalse-mr-unstructured-0.75-20241012_183505/models/audio_model.25.pth,0,16
2625,/scratch/ssml/araujo/exp/sync-audioset-cav-mae-balNone-lr2e-4-epoch25-bs512-normTrue-c0.1-p1.0-tpFalse-mr-unstructured-0.75-20241012_184319/models/audio_model.25.pth,4,16
2626,/scratch/ssml/araujo/exp/sync-audioset-cav-mae-balNone-lr2e-4-epoch25-bs512-normTrue-c0.1-p1.0-tpFalse-mr-unstructured-0.75-20241012_184455/models/audio_model.25.pth,4,16
2675,/scratch/ssml/araujo/exp/sync-audioset-cav-mae-balNone-lr2e-4-epoch25-bs512-normTrue-c0.01-p1.0-tpFalse-mr-unstructured-0.75-20241017_184725/models/audio_model.25.pth,0,16
2676,/scratch/ssml/araujo/exp/sync-audioset-cav-mae-balNone-lr2e-4-epoch25-bs512-normTrue-c0.01-p1.0-tpFalse-mr-unstructured-0.75-20241017_184808/models/audio_model.25.pth,4,16
cav_mae++,cav-mae-scale++.pth,0,10
2776,/scratch/ssml/araujo/exp/sync-audioset-cav-mae-balNone-lr2e-4-epoch25-bs512-normTrue-c0.1-p1.0-tpFalse-mr-unstructured-0.75-20241023_112228/models/audio_model.25.pth,4,16
2897,/scratch/ssml/araujo/exp/sync-audioset-cav-mae-balNone-lr2e-4-epoch25-bs512-normTrue-c0.1-p1.0-tpFalse-mr-unstructured-0.75-20241027_025558/models/audio_model.25.pth,0,16
2922,/scratch/ssml/araujo/exp/sync-audioset-cav-mae-balNone-lr2e-4-epoch25-bs512-normTrue-c0.1-p1.0-tpFalse-mr-unstructured-0.6-20241027_235223/models/audio_model.25.pth,0,16
2919,/scratch/ssml/araujo/exp/sync-audioset-cav-mae-balNone-lr2e-4-epoch25-bs512-normTrue-c0.1-p1.0-tpFalse-mr-unstructured-0.9-20241027_234424/models/audio_model.25.pth,0,16
2918,/scratch/ssml/araujo/exp/sync-audioset-cav-mae-balNone-lr2e-4-epoch25-bs512-normTrue-c0.1-p1.0-tpFalse-mr-unstructured-0.75-20241027_193318/models/audio_model.25.pth,4,16