index,mid,display_name
0,vgg_0,ambulance siren
1,vgg_1,basketball bounce
2,vgg_2,bird chirping_ tweeting
3,vgg_3,chainsawing trees
4,vgg_4,chicken crowing
5,vgg_5,child speech_ kid speaking
6,vgg_6,driving buses
7,vgg_7,driving motorcycle
8,vgg_8,engine accelerating_ revving_ vroom
9,vgg_9,female singing
10,vgg_10,female speech_ woman speaking
11,vgg_11,fireworks banging
12,vgg_12,helicopter
13,vgg_13,male singing
14,vgg_14,male speech_ man speaking
15,vgg_15,motorboat_ speedboat acceleration
16,vgg_16,orchestra
17,vgg_17,people booing
18,vgg_18,people crowd
19,vgg_19,pigeon_ dove cooing
20,vgg_20,playing accordion
21,vgg_21,playing acoustic guitar
22,vgg_22,playing banjo
23,vgg_23,playing bass guitar
24,vgg_24,playing bassoon
25,vgg_25,playing cello
26,vgg_26,playing cymbal
27,vgg_27,playing didgeridoo
28,vgg_28,playing drum kit
29,vgg_29,playing electric guitar
30,vgg_30,playing flute
31,vgg_31,playing harp
32,vgg_32,playing marimba_ xylophone
33,vgg_33,playing piano
34,vgg_34,playing saxophone
35,vgg_35,playing trombone
36,vgg_36,playing violin_ fiddle
37,vgg_37,police car (siren)
38,vgg_38,race car_ auto racing
39,vgg_39,railroad car_ train wagon
40,vgg_40,rowboat_ canoe_ kayak rowing
41,vgg_41,singing bowl
42,vgg_42,tap dancing
43,vgg_43,toilet flushing
44,vgg_44,vehicle horn_ car horn_ honking
45,vgg_45,people burping
46,vgg_46,playing clarinet
47,vgg_47,playing hammond organ
48,vgg_48,playing squash
49,vgg_49,playing table tennis
50,vgg_50,playing tabla
51,vgg_51,playing glockenspiel
52,vgg_52,playing harpsichord
53,vgg_53,frog croaking
54,vgg_54,vacuum cleaner cleaning floors
55,vgg_55,playing theremin
56,vgg_56,playing badminton
57,vgg_57,slot machine
58,vgg_58,subway_ metro_ underground
59,vgg_59,beat boxing
60,vgg_60,child singing
61,vgg_61,crow cawing
62,vgg_62,playing volleyball
63,vgg_63,car engine knocking
64,vgg_64,playing snare drum
65,vgg_65,machine gun shooting
66,vgg_66,ocean burbling
67,vgg_67,skiing
68,vgg_68,civil defense siren
69,vgg_69,missile launch
70,vgg_70,playing erhu
71,vgg_71,tractor digging
72,vgg_72,bowling impact
73,vgg_73,rope skipping
74,vgg_74,airplane flyby
75,vgg_75,lions roaring
76,vgg_76,scuba diving
77,vgg_77,yodelling
78,vgg_78,playing bagpipes
79,vgg_79,fire truck siren
80,vgg_80,police radio chatter
81,vgg_81,pheasant crowing
82,vgg_82,arc welding
83,vgg_83,dog howling
84,vgg_84,playing steel guitar_ slide guitar
85,vgg_85,wind noise
86,vgg_86,playing bongo
87,vgg_87,skateboarding
88,vgg_88,playing synthesizer
89,vgg_89,electric shaver_ electric razor shaving
90,vgg_90,playing ukulele
91,vgg_91,skidding
92,vgg_92,cap gun shooting
93,vgg_93,people clapping
94,vgg_94,playing cornet
95,vgg_95,people sniggering
96,vgg_96,playing vibraphone
97,vgg_97,mynah bird singing
98,vgg_98,people whistling
99,vgg_99,horse clip-clop
100,vgg_100,baby laughter
101,vgg_101,printer printing
102,vgg_102,playing french horn
103,vgg_103,playing bass drum
104,vgg_104,cat purring
105,vgg_105,playing sitar
106,vgg_106,lathe spinning
107,vgg_107,lawn mowing
108,vgg_108,lighting firecrackers
109,vgg_109,volcano explosion
110,vgg_110,playing electronic organ
111,vgg_111,playing trumpet
112,vgg_112,dog growling
113,vgg_113,playing harmonica
114,vgg_114,playing mandolin
115,vgg_115,people marching
116,vgg_116,planing timber
117,vgg_117,playing tambourine
118,vgg_118,playing double bass
119,vgg_119,church bell ringing
120,vgg_120,gibbon howling
121,vgg_121,goose honking
122,vgg_122,tapping guitar
123,vgg_123,sharpen knife
124,vgg_124,train horning
125,vgg_125,dog barking
126,vgg_126,singing choir
127,vgg_127,heart sounds_ heartbeat
128,vgg_128,owl hooting
129,vgg_129,people whispering
130,vgg_130,typing on typewriter
131,vgg_131,woodpecker pecking tree
132,vgg_132,cattle mooing
133,vgg_133,people screaming
134,vgg_134,hail
135,vgg_135,canary calling
136,vgg_136,people cheering
137,vgg_137,cricket chirping
138,vgg_138,stream burbling
139,vgg_139,people sneezing
140,vgg_140,wood thrush calling
141,vgg_141,roller coaster running
142,vgg_142,ice cream truck_ ice cream van
143,vgg_143,people shuffling
144,vgg_144,baby crying
145,vgg_145,mouse clicking
146,vgg_146,francolin calling
147,vgg_147,turkey gobbling
148,vgg_148,cattle_ bovinae cowbell
149,vgg_149,rapping
150,vgg_150,dinosaurs bellowing
151,vgg_151,playing timpani
152,vgg_152,dog bow-wow
153,vgg_153,using sewing machines
154,vgg_154,chicken clucking
155,vgg_155,splashing water
156,vgg_156,hammering nails
157,vgg_157,train whistling
158,vgg_158,driving snowmobile
159,vgg_159,duck quacking
160,vgg_160,lions growling
161,vgg_161,baby babbling
162,vgg_162,car passing by
163,vgg_163,parrot talking
164,vgg_164,sailing
165,vgg_165,cat meowing
166,vgg_166,horse neighing
167,vgg_167,people babbling
168,vgg_168,playing timbales
169,vgg_169,sliding door
170,vgg_170,swimming
171,vgg_171,wind rustling leaves
172,vgg_172,people slurping
173,vgg_173,typing on computer keyboard
174,vgg_174,people eating noodle
175,vgg_175,ripping paper
176,vgg_176,elk bugling
177,vgg_177,playing gong
178,vgg_178,playing darts
179,vgg_179,people farting
180,vgg_180,bee_ wasp_ etc. buzzing
181,vgg_181,playing oboe
182,vgg_182,playing zither
183,vgg_183,eating with cutlery
184,vgg_184,bouncing on trampoline
185,vgg_185,people belly laughing
186,vgg_186,sheep bleating
187,vgg_187,waterfall burbling
188,vgg_188,airplane
189,vgg_189,playing steelpan
190,vgg_190,fire crackling
191,vgg_191,car engine starting
192,vgg_192,coyote howling
193,vgg_193,reversing beeps
194,vgg_194,people sobbing
195,vgg_195,playing guiro
196,vgg_196,chimpanzee pant-hooting
197,vgg_197,raining
198,vgg_198,playing congas
199,vgg_199,playing tympani
200,vgg_200,dog whimpering
201,vgg_201,opening or closing car doors
202,vgg_202,opening or closing drawers
203,vgg_203,people coughing
204,vgg_204,black capped chickadee calling
205,vgg_205,pig oinking
206,vgg_206,people eating crisps
207,vgg_207,playing bugle
208,vgg_208,donkey_ ass braying
209,vgg_209,mosquito buzzing
210,vgg_210,squishing water
211,vgg_211,mouse pattering
212,vgg_212,playing djembe
213,vgg_213,magpie calling
214,vgg_214,electric grinder grinding
215,vgg_215,people running
216,vgg_216,barn swallow calling
217,vgg_217,underwater bubbling
218,vgg_218,firing muskets
219,vgg_219,dog baying
220,vgg_220,cheetah chirrup
221,vgg_221,playing hockey
222,vgg_222,striking pool
223,vgg_223,people hiccup
224,vgg_224,people humming
225,vgg_225,playing tennis
226,vgg_226,wind chime
227,vgg_227,cat growling
228,vgg_228,car engine idling
229,vgg_229,ice cracking
230,vgg_230,otter growling
231,vgg_231,alligators_ crocodiles hissing
232,vgg_232,fox barking
233,vgg_233,people eating apple
234,vgg_234,tornado roaring
235,vgg_235,bird squawking
236,vgg_236,hair dryer drying
237,vgg_237,firing cannon
238,vgg_238,train wheels squealing
239,vgg_239,alarm clock ringing
240,vgg_240,cupboard opening or closing
241,vgg_241,striking bowling
242,vgg_242,thunder
243,vgg_243,bull bellowing
244,vgg_244,cat hissing
245,vgg_245,penguins braying
246,vgg_246,running electric fan
247,vgg_247,elephant trumpeting
248,vgg_248,golf driving
249,vgg_249,people battle cry
250,vgg_250,snake hissing
251,vgg_251,playing lacrosse
252,vgg_252,writing on blackboard with chalk
253,vgg_253,spraying water
254,vgg_254,sloshing water
255,vgg_255,people giggling
256,vgg_256,cutting hair with electric trimmers
257,vgg_257,lip smacking
258,vgg_258,forging swords
259,vgg_259,plastic bottle crushing
260,vgg_260,warbler chirping
261,vgg_261,chipmunk chirping
262,vgg_262,bird wings flapping
263,vgg_263,chopping wood
264,vgg_264,popping popcorn
265,vgg_265,eagle screaming
266,vgg_266,footsteps on snow
267,vgg_267,hedge trimmer running
268,vgg_268,blowtorch igniting
269,vgg_269,sea waves
270,vgg_270,goat bleating
271,vgg_271,air conditioning noise
272,vgg_272,mouse squeaking
273,vgg_273,ferret dooking
274,vgg_274,cat caterwauling
275,vgg_275,strike lighter
276,vgg_276,people nose blowing
277,vgg_277,people eating
278,vgg_278,shot football
279,vgg_279,people gargling
280,vgg_280,smoke detector beeping
281,vgg_281,cuckoo bird calling
282,vgg_282,foghorn
283,vgg_283,eletric blender running
284,vgg_284,chinchilla barking
285,vgg_285,people slapping
286,vgg_286,sea lion barking
287,vgg_287,opening or closing car electric windows
288,vgg_288,children shouting
289,vgg_289,baltimore oriole calling
290,vgg_290,bathroom ventilation fan running
291,vgg_291,cell phone buzzing
292,vgg_292,chopping food
293,vgg_293,disc scratching
294,vgg_294,door slamming
295,vgg_295,fly_ housefly buzzing
296,vgg_296,metronome
297,vgg_297,people finger snapping
298,vgg_298,playing shofar
299,vgg_299,playing tuning fork
300,vgg_300,playing washboard
301,vgg_301,telephone bell ringing
302,vgg_302,whale calling
303,vgg_303,cow lowing
304,vgg_304,playing castanets
305,vgg_305,pumping water
306,vgg_306,snake rattling
307,vgg_307,zebra braying
308,vgg_308,air horn
